Merk,Geslacht
Mercedes,Man
Mercedes,Man
Mercedes,Man
Mercedes,Man
Mercedes,Man
Mercedes,Man
Mercedes,Man
Mercedes,Man
Mercedes,Man
Mercedes,Man
Mercedes,Vrouw
Mercedes,Vrouw
Mercedes,Vrouw
Mercedes,Vrouw
Mercedes,Vrouw
Mercedes,Vrouw
Mercedes,Vrouw
Mercedes,Vrouw
Mercedes,Vrouw
Mercedes,Vrouw
Mercedes,Vrouw
Mercedes,Vrouw
Mercedes,Vrouw
Mercedes,Vrouw
Mercedes,Vrouw
Mercedes,Vrouw
Mercedes,Vrouw
Mercedes,Vrouw
Mercedes,Vrouw
Mercedes,Vrouw
BMW,Man
BMW,Man
BMW,Man
BMW,Man
BMW,Man
BMW,Man
BMW,Man
BMW,Man
BMW,Man
BMW,Man
BMW,Vrouw
BMW,Vrouw
BMW,Vrouw
BMW,Vrouw
BMW,Vrouw
Porche,Man
Porche,Man
Porche,Man
Porche,Man
Porche,Man
Porche,Man
Porche,Man
Porche,Man
Porche,Man
Porche,Man
Porche,Man
Porche,Man
Porche,Man
Porche,Man
Porche,Man
Porche,Man
Porche,Man
Porche,Man
Porche,Man
Porche,Man
Porche,Vrouw
Porche,Vrouw
Porche,Vrouw
Porche,Vrouw
Porche,Vrouw
Porche,Vrouw
Porche,Vrouw
Porche,Vrouw
Porche,Vrouw
Porche,Vrouw
Porche,Vrouw
Porche,Vrouw
Porche,Vrouw
Porche,Vrouw
Porche,Vrouw
Alfa Romeo,Man
Alfa Romeo,Man
Alfa Romeo,Man
Alfa Romeo,Man
Alfa Romeo,Man
Alfa Romeo,Man
Alfa Romeo,Man
Alfa Romeo,Man
Alfa Romeo,Man
Alfa Romeo,Man
Alfa Romeo,Man
Alfa Romeo,Man
Alfa Romeo,Man
Alfa Romeo,Man
Alfa Romeo,Man
Alfa Romeo,Man
Alfa Romeo,Man
Alfa Romeo,Man
Alfa Romeo,Man
Alfa Romeo,Man
